Symbol,Sector,Sector_Code,Market_Cap,PE_Ratio,PB_Ratio,ROE,Profit_Margin,Revenue_Growth,Earnings_Growth,Beta,Momentum_60,Volatility_60,RSI,Cluster,PC1,PC2
AAPL,Technology,XLK,4137203793920,37.319946,55.85654,1.7142199,0.26915002,0.079,0.912,1.107,0.19216574369618167,0.2092852729873804,58.90908407998252,3,4.185093337434991,-4.427567899973158
MSFT,Technology,XLK,3591408713728,34.36415,9.892711,0.32241002,0.35707,0.184,0.127,1.07,-0.0506681881060298,0.19034921058966822,34.33986755549688,3,2.3520996126822267,-4.285865585016589
NVDA,Technology,XLK,4441136693248,45.263027,37.287407,1.07359,0.53007,0.625,0.667,2.284,0.02586972944134458,0.37226923117931887,41.722076668078195,3,7.627053881528765,-5.444895463881828
AVGO,Technology,XLK,1842855673856,100.06153,6.5895543,0.27083,0.31592,0.164,1.881,1.204,0.08624954871921209,0.45040954435274344,69.07842130391117,3,4.173282626364181,-1.1526144948326817
CRM,Technology,XLK,249104924672,34.835564,4.0894895,0.12184,0.17913,0.086,0.386,1.253,0.07523380600877871,0.33649088588166537,62.8086662327047,4,0.6859396585059513,0.41522165801694333
ORCL,Technology,XLK,620275499008,50.249424,25.591625,0.69241995,0.21079999,0.122,-0.019,1.659,-0.25402973852762545,0.4883193686771507,46.16949960106233,1,1.2811077474628205,-0.06848879342322167
CSCO,Technology,XLK,308066844672,30.104248,6.55045,0.22418,0.17902,0.075,0.06,0.864,0.17902910757542712,0.22075062509137394,49.840939540844396,2,-0.1556901149764288,-0.548955427962702
ACN,Technology,XLK,166046285824,21.92352,5.314263,0.25509,0.11021,0.073,-0.155,1.261,0.11759035734570245,0.2933081327723391,66.67184652885378,4,0.11713344452290414,0.8925828388685436
AMD,Technology,XLK,354864234496,113.52605,5.8374395,0.05317,0.10323,0.356,0.603,1.927,0.37459791355771777,0.7603597599427436,33.48981134237866,3,4.940765606432381,1.986529794611489
ADBE,Technology,XLK,146883493888,21.600748,12.355838,0.52875,0.30012,0.107,0.112,1.54,-0.008873298934959584,0.286749133828079,61.20066783989892,4,0.6852409997673674,-0.35797093368583394
INTU,Technology,XLK,187538587648,46.297596,9.7097025,0.21987,0.21191,0.41,-0.185,1.267,0.044628109499001756,0.23565926111496818,53.912142626391436,4,1.2140833310749997,-0.795532513110576
TXN,Technology,XLK,165953896448,33.249546,9.979225,0.29757,0.29208001,0.142,0.007,0.989,0.00859421271637606,0.3066308319320623,75.76024641664166,4,0.6635706744722272,-0.07914779278110999
NOW,Technology,XLK,177835884544,103.059105,15.691878,0.16813,0.13665,0.218,0.159,0.972,-0.08030489456659262,0.2484781049120759,51.31834719813598,2,0.5352231867676036,-0.19268242381169104
AMAT,Technology,XLK,213500166144,30.946882,10.423149,0.35508,0.24669,-0.035,0.135,1.666,0.600270130720199,0.44460361508962964,76.07737593986373,4,2.6610951856725693,1.9436884723556642
PANW,Technology,XLK,138591469568,126.64967,15.8792515,0.15324001,0.11687,0.157,-0.041,0.786,0.012990998721165825,0.2866494814443616,42.866681111510346,2,0.49967845644396736,0.1609262894491353
MU,Technology,XLK,266955472896,31.254282,4.9139304,0.17198999,0.22845,0.46,2.569,1.548,0.5096900534639712,0.6254787065202212,45.58891158632377,3,5.1652881478109185,-0.6952506148470643
ADI,Technology,XLK,137734815744,61.686405,4.073125,0.06573,0.20575,0.259,0.661,1.039,0.14713919025807143,0.3109663251342807,82.10630520254014,4,1.7956262160785625,0.41629472330736694
LRCX,Technology,XLK,200125825024,35.11062,19.604692,0.62261003,0.29657,0.277,0.443,1.781,0.3617917118772318,0.4803333216449712,61.40617129571406,4,3.5474173396858366,0.2685521470920671
KLAC,Technology,XLK,159925583872,38.16656,32.039574,0.99167997,0.33828998,0.13,0.208,1.437,0.2619007755430476,0.411772651480916,64.24999618344566,4,2.4265647563534554,-0.19935520485331737
SNPS,Technology,XLK,88950636544,62.905663,3.1347635,0.065019995,0.31042,0.14,-0.427,1.154,0.09709718268498158,0.49044873768248143,87.4866052508309,4,1.9131123609522782,1.7213899037423182
CDNS,Technology,XLK,91973541888,86.99226,17.671728,0.21736,0.20354,0.101,0.207,1.051,-0.017322732085472303,0.3075968708731961,67.53024177799071,4,0.8020758980598889,0.4808543961284422
ADSK,Technology,XLK,65335619584,59.56116,22.478382,0.40333998,0.16129999,0.18,0.26,1.475,-0.038583287978627645,0.20283662163431102,58.45408389636793,4,0.5720071370366844,-0.19224079875254318
FTNT,Technology,XLK,66603843584,35.769547,87.79797,2.28043,0.28584,0.144,-0.114,1.101,0.0908634266571311,0.2667125384532933,66.28976183338474,0,1.5666319349149018,-1.7800145084619332
ROP,Technology,XLK,48174206976,30.866207,2.4095788,0.081549995,0.20337,0.143,0.082,0.938,-0.12531315719771152,0.21152706655219844,47.106208564202376,2,-0.8746263850373137,-0.8670973911001025
NXPI,Technology,XLK,57469521920,28.17676,5.721493,0.20872,0.17111,-0.024,-0.111,1.469,0.046525667948670524,0.3927212394067218,74.29516695871233,1,0.4159296742393509,1.6632502010388057
APH,Technology,XLK,170584375296,46.453335,13.620015,0.34807998,0.18218,0.534,1.021,1.194,0.17587727489054883,0.3128188640983398,59.23732248265456,4,2.7246152994723287,-1.1734566364930519
MSI,Technology,XLK,62374830080,30.023256,26.82069,1.1517,0.18704,0.078,0.012,0.997,-0.2210269683907936,0.2212569572320362,41.72344084505642,2,-1.0376490899589295,-1.4989454676098637
ON,Technology,XLK,22387236864,74.986305,2.806604,0.03891,0.051570002,-0.12,-0.326,1.571,0.1342727638273098,0.5171888694023614,71.96631234970246,1,0.8600063381359634,3.5005793441352115
CARR,Technology,XLK,46202032128,33.93125,3.1578643,0.0998,0.18052,-0.068,0.005,1.298,-0.11628417306570782,0.2771263251357445,50.807147389962,1,-1.002714029332283,0.4089656822449251
CARR,Technology,XLK,46202032128,33.93125,3.1578643,0.0998,0.18052,-0.068,0.005,1.298,-0.11628417306570782,0.2771263251357445,50.807147389962,1,-1.002714029332283,0.4089656822449251
CARR,Technology,XLK,46202032128,33.93125,3.1578643,0.0998,0.18052,-0.068,0.005,1.298,-0.11628417306570782,0.2771263251357445,50.807147389962,1,-1.002714029332283,0.4089656822449251
CARR,Technology,XLK,46202032128,33.93125,3.1578643,0.0998,0.18052,-0.068,0.005,1.298,-0.11628417306570782,0.2771263251357445,50.807147389962,1,-1.002714029332283,0.4089656822449251
CARR,Industrial,XLI,46202032128,33.93125,3.1578643,0.0998,0.18052,-0.068,0.005,1.298,-0.11628417306570782,0.2771263251357445,50.807147389962,1,-1.002714029332283,0.4089656822449251
CARR,Industrial,XLI,46202032128,33.93125,3.1578643,0.0998,0.18052,-0.068,0.005,1.298,-0.11628417306570782,0.2771263251357445,50.807147389962,1,-1.002714029332283,0.4089656822449251
CARR,Industrial,XLI,46202032128,33.93125,3.1578643,0.0998,0.18052,-0.068,0.005,1.298,-0.11628417306570782,0.2771263251357445,50.807147389962,1,-1.002714029332283,0.4089656822449251
CARR,Industrial,XLI,46202032128,33.93125,3.1578643,0.0998,0.18052,-0.068,0.005,1.298,-0.11628417306570782,0.2771263251357445,50.807147389962,1,-1.002714029332283,0.4089656822449251
CTSH,Technology,XLK,39423320064,18.685184,2.6171255,0.14501001,0.10203,0.074,-0.521,0.967,0.1720853520072929,0.27099307240396986,80.09327432942708,4,-0.2172969986662584,1.3666314648765747
CDW,Technology,XLK,19167633408,18.489254,7.5034633,0.43007,0.04757,0.04,-0.056,1.063,-0.10583646240131994,0.33164515056530486,54.06383784574617,1,-0.9797962754017931,0.560771261789229
MPWR,Technology,XLK,46147616768,24.69303,12.933337,0.64029,0.7122,0.189,0.258,1.472,0.1568536946629222,0.4805754906064067,59.16691705189635,4,3.0383499629700634,-1.5659498890713925
TYL,Technology,XLK,20304066560,65.366295,5.6037397,0.091680005,0.13719,0.097,0.109,0.912,-0.13882824458770615,0.2833543737611336,51.098382564880076,2,-0.5570893372569541,0.08062333248762908
TER,Technology,XLK,31937193984,73.00727,11.617962,0.15767999,0.15495,0.043,-0.157,1.848,0.790108059556426,0.6850095978672096,71.30631177047741,4,4.370046513294343,3.8337017348104228
TRMB,Technology,XLK,19875176448,57.205475,3.4316707,0.06131,0.099309996,0.029,1.875,1.601,0.032640943116956755,0.2793840070660023,74.42624714131965,4,1.0659528993134186,0.8310484847615267
TDY,Technology,XLK,24522500096,30.295824,2.3219938,0.08127,0.13616,0.067,-0.161,1.031,-0.061101209040124504,0.22486830462731727,62.69734632797807,2,-0.8925397884915567,0.3578181454651267
ZBRA,Technology,XLK,13464304640,26.667673,3.5857334,0.14286,0.09743,0.052,-0.254,1.675,-0.15301454428855676,0.4356921139830075,73.52084518565397,1,0.20473448255891058,2.051901999869915
NTAP,Technology,XLK,23409246208,20.465967,23.548191,1.25346,0.17733999,0.028,0.063,1.414,-0.0501606669904725,0.28479792311605345,64.48389261044062,1,0.017800857860206822,-0.05657670199244394
PTC,Technology,XLK,20786429952,28.58649,5.4209757,0.2085,0.26795998,0.427,1.748,1.03,-0.15401490051137146,0.2516017760139303,38.825682278618515,2,0.9500233383299956,-2.785715402068888
SWKS,Technology,XLK,10306482176,22.506495,1.7904742,0.0789,0.116739996,0.073,1.545,1.309,-0.05844603732055531,0.4109611626824752,61.06694948714041,1,0.5982110658502199,0.35482998146091993
AKAM,Technology,XLK,12011308032,24.48387,2.5366104,0.10642,0.12262999,0.05,1.553,0.682,0.08654349092673908,0.40714141724829966,39.15095167169519,2,0.05364810625903163,-0.6539036666629068
FFIV,Technology,XLK,14413195264,21.009314,3.9845831,0.20602,0.22421,0.085,0.164,0.993,-0.2286505276845473,0.3735294385584195,68.10257200784693,1,-0.37986028863062793,0.16836093226068685
ENPH,Technology,XLK,4089366016,21.40411,4.109679,0.20305,0.12932,0.078,0.517,1.422,-0.16954559891100174,0.6206244166544119,64.82122397689534,1,0.9414250062985065,1.5950745415742116
GEN,Technology,XLK,16706839552,29.76923,6.803114,0.25027,0.12743,0.253,-0.192,1.112,-0.06597724734741894,0.2072589354889913,56.27281378008073,2,-0.33002695769003454,-0.3326721094381646
SMCI,Technology,XLK,20708927488,27.31496,3.1738334,0.12787,0.03766,-0.155,-0.616,1.516,-0.22911114162868929,0.6308597329679365,43.41203770418646,1,-0.7989570049688502,2.610432849038614
FSLR,Technology,XLK,27643650048,19.755367,3.066311,0.16864,0.27728,0.797,0.457,1.589,0.27719379895512475,0.49175843483882636,54.22179193613665,4,4.376505976017247,-0.9177527302311627
JBL,Technology,XLK,23616583680,37.172295,15.632592,0.40381,0.022049999,0.185,0.692,1.263,0.02843712748900451,0.41204369243929156,72.42821001476429,4,1.1024911875874353,1.1222758705408884
EPAM,Technology,XLK,11339891712,31.036587,3.0168328,0.10207,0.070149995,0.194,-0.194,1.753,0.3043757504022184,0.32406246679844736,86.25368022537991,4,1.673949394124604,2.290068797034889
GDDY,Technology,XLK,17785161728,22.110157,189.46904,3.69454,0.17013,0.103,0.144,0.947,-0.11461844402625077,0.2522583329196796,46.36152305255249,0,1.2493326454401574,-3.892759202205246
UNH,Healthcare,XLV,299751047168,17.243877,3.1299126,0.17476,0.04042,0.122,-0.602,0.432,-0.05535259387639524,0.2694163734068318,56.73865907158383,2,-1.4387382472908623,0.04324969878663374
JNJ,Healthcare,XLV,486508953600,19.491312,6.1289344,0.33619,0.27259,0.068,0.91,0.349,0.14125630534587086,0.1398336523126836,69.39344865660655,2,-0.18460004199781904,-1.7596824321202138
LLY,Healthcare,XLV,905699262464,49.500736,38.03878,0.9647,0.30986,0.539,4.804,0.369,0.3394322181107692,0.32846155374751385,46.33212889926929,3,4.93208041793757,-5.4319271650406895
ABBV,Healthcare,XLV,399570305024,172.58015,-151.22408,1.37961,0.04004,0.091,-0.887,0.349,0.04291401134900186,0.26661190546109526,42.07471641085168,2,-1.5370317585828983,1.7027064716838445
MRK,Healthcare,XLV,249078956032,13.190476,4.783881,0.39485002,0.29632,0.037,0.87,0.299,0.21609757586223322,0.33287521412214305,63.821140984973205,4,0.3183356591010211,-1.1177489988546572
TMO,Healthcare,XLV,215194320896,33.108093,4.217995,0.13116999,0.15022,0.049,0.005,0.902,0.1956872377101806,0.2914020106209495,46.12979604886937,2,-0.10996899349880025,-0.005219286881801934
ABT,Healthcare,XLV,217696616448,15.713568,4.268505,0.3062,0.3188,0.069,0.0,0.714,-0.060523441520263455,0.17390471425164034,34.19391381005366,2,-1.2370527796879438,-2.102815535382238
DHR,Healthcare,XLV,162006663168,46.553497,3.128976,0.06843,0.14435,0.044,0.134,0.923,0.19257922748959988,0.30960248531397805,57.939488922487456,4,0.23170117190062287,0.5599268563529196
PFE,Healthcare,XLV,147998982144,15.133721,1.5948778,0.105979994,0.15654999,-0.059,-0.213,0.42,0.10969205091931333,0.3018766054977617,61.3583167464149,2,-1.1931860661282725,0.29995355200478996
AMGN,Healthcare,XLV,177639391232,25.513535,18.467783,0.8171,0.19474001,0.124,0.136,0.447,0.20208006375013077,0.303418334872177,46.551542905087715,2,0.08267058259515736,-1.2111696178026083
BSX,Healthcare,XLV,144567730176,52.14973,6.1791916,0.12488,0.1443,0.203,0.6,0.674,-0.05053064441308963,0.21097573694577446,33.772753461600914,2,-0.5229896192504803,-1.5240799444730304
ISRG,Healthcare,XLV,206245888000,76.305046,12.060878,0.16902,0.28577998,0.229,0.25,1.686,0.27944324014052424,0.37997876636765276,65.8641363959086,4,2.9443870828873675,0.7206797557626747
SYK,Healthcare,XLV,139209850880,47.834427,6.390127,0.14036,0.12071,0.102,0.028,0.895,-0.04823766644181593,0.19631250259640495,52.30177251547342,2,-0.7816831896256323,-0.2679696924950437
GILD,Healthcare,XLV,150410608640,18.764706,6.9895635,0.40706003,0.27882,0.03,1.43,0.331,0.06557664332266033,0.24213945262812378,41.25232227341654,2,-0.547063556892969,-2.3300903498327785
VRTX,Healthcare,XLV,116780818432,32.053486,6.6788864,0.22307,0.31349,0.11,0.047,0.321,0.15448764959727979,0.24899241076146708,60.13716543225879,2,-0.13246863229123976,-1.0978945563238294
BMY,Healthcare,XLV,106164527104,17.558924,5.723222,0.33777002,0.12572,0.028,0.809,0.302,0.1443021856885658,0.31227944670987823,77.39043574933338,4,-0.2574631491102052,0.040735886854130064
MDT,Healthcare,XLV,130005966848,27.468834,2.6708124,0.09822,0.13706,0.066,0.081,0.723,0.08613146634710889,0.19040037716544864,66.11860187253853,2,-0.7279604140979449,-0.008024427825403871
ELV,Healthcare,XLV,74477723648,13.477995,1.6708428,0.12569,0.028399998,0.123,0.22,0.525,0.06638014752980559,0.2778338247796162,55.46995822402198,2,-0.9540322525487435,-0.0068555402747338305
CI,Healthcare,XLV,70905880576,11.750332,1.6927708,0.15538,0.02293,0.095,1.654,0.263,-0.11834109900812162,0.4662253013631629,46.62502827594898,2,-0.6293310083732603,-0.6282552546892762
REGN,Healthcare,XLV,76137136128,17.210348,2.385421,0.15188,0.32131,0.009,0.18,0.368,0.284394008392598,0.40715181766769554,56.16184449255931,4,0.28918570814682926,-0.36923032055954075
ZTS,Healthcare,XLV,52583723008,19.974747,9.703934,0.49868,0.28211,0.005,0.085,0.971,-0.19660508320560488,0.35257487482861544,46.00368346895775,1,-0.779099481311165,-0.771680022073216
BDX,Healthcare,XLV,55594262528,33.32646,2.1802568,0.06544,0.07683,0.083,0.252,0.277,0.0381075279144214,0.20447946891455696,51.88991867839223,2,-1.414586001045857,-0.5404932978950746
EW,Healthcare,XLV,50602151936,37.80263,4.9044046,0.13492,0.23249,0.147,-0.903,0.967,0.11112547093586223,0.22505133681315045,49.628124880710054,2,-0.35979652100707593,-0.13675393011245715
A,Healthcare,XLV,41246478336,31.835886,6.109175,0.20618999,0.18754,0.094,0.249,1.274,0.18291270962408457,0.28854893003515,47.70293269213031,4,0.4262264605262133,-0.018845071341676553
IQV,Healthcare,XLV,38462255104,31.066025,6.2439523,0.19374001,0.08067001,0.052,0.245,1.369,0.20633481802659404,0.2885833760638989,58.14170944864005,4,0.313456029509649,0.9243992919315533
RMD,Healthcare,XLV,37447651328,26.258953,6.116634,0.25413,0.2735,0.091,0.123,0.867,-0.04804854384763391,0.19300905819163183,68.00712531527793,2,-0.5117692003459077,-0.6420640224508661
IDXX,Healthcare,XLV,57131352064,56.49525,36.592365,0.64633006,0.24654,0.133,0.214,1.668,0.11379723503532513,0.401774266384587,56.222640485968135,4,2.012163177112428,0.27524986240029164
HUM,Healthcare,XLV,31012411392,24.098131,1.6743507,0.07159,0.01022,0.111,-0.593,0.466,-0.06399211333087695,0.46658749012410605,66.1322966069694,1,-0.7969790729678691,1.4746814619406274
DXCM,Healthcare,XLV,25682247680,36.38333,9.369099,0.30635,0.15958999,0.216,1.099,1.515,-0.14077674081720004,0.4913855866280296,81.03591520726047,1,1.8283006079381932,0.9577013645472151
STE,Healthcare,XLV,25930606592,37.719196,3.6848662,0.101339996,0.12073,0.099,0.286,1.014,0.053625714881703423,0.21761622806933556,58.206914214655185,2,-0.3703890294975038,0.07910459571478451
GEHC,Healthcare,XLV,39017791488,17.693583,3.8955238,0.24450001,0.10945,0.058,-0.041,1.244,0.11850771947570582,0.29080400241297555,77.63806734832171,4,0.09455562514307514,1.2370145727190658
COO,Healthcare,XLV,16240318464,39.901962,1.9354686,0.045939997,0.09161,0.046,-0.282,1.049,0.22075586612678144,0.3100958678396634,76.11268809143925,4,0.21546370553282637,1.7079175153933739
PODD,Healthcare,XLV,21433823232,88.514534,15.475197,0.19679001,0.097629994,0.299,0.148,1.375,-0.10910529778836398,0.3704366788660287,39.28760820328544,1,1.0495381602835676,0.15093234836038863
LH,Healthcare,XLV,21472210944,25.382122,2.4659772,0.10135999,0.062129997,0.086,0.56,0.961,-0.0678851459498877,0.24897476372909294,36.779068827672816,2,-1.1209855870305987,-0.5270591231866703
ALGN,Healthcare,XLV,11395581952,30.467056,2.861798,0.095769994,0.095010005,0.018,-0.497,1.859,0.19496814861105127,0.3335756275890402,80.35066614204972,4,0.7662248660902415,2.6056111727141507
MOH,Healthcare,XLV,8230812160,9.356747,1.8479848,0.19708,0.020610001,0.116,-0.734,0.516,-0.16043787864370218,0.5212020284674161,69.97767381978635,1,-0.8910796032608987,1.6034520486262158
WST,Healthcare,XLV,20160702464,41.515556,6.6028132,0.16945,0.16293,0.077,0.038,1.166,0.10632118249652511,0.36801666132296146,68.09206888137116,4,0.6110133930982704,1.056297829998637
HSIC,Healthcare,XLV,8927779840,23.223974,2.5971003,0.08347999,0.03022,0.052,0.077,0.888,0.06680191954278025,0.31098325493729606,59.513469084738574,2,-0.6910206611643007,0.877622543457915
WAT,Healthcare,XLV,23504910336,36.221104,10.083259,0.32987,0.20891,0.08,-0.077,1.163,0.33657191502726436,0.30037776556331347,63.09706542528275,4,0.9408756427533537,0.5811644941518066
DGX,Healthcare,XLV,20408895488,21.42136,2.7912276,0.14353,0.08931,0.132,0.085,0.616,0.002243888067533062,0.2107734852798633,40.38959494808043,2,-1.3366919473156482,-0.8010858678840196
TECH,Healthcare,XLV,9610527744,125.87755,4.886706,0.038,0.06409,-0.01,0.143,1.463,0.2049007865256538,0.39291226979218846,57.7072475813477,4,1.358406888179136,2.4256005511353735
RVTY,Healthcare,XLV,11698955264,51.953606,1.5581907,0.0304,0.08441,0.022,-0.474,1.061,0.21714870154805932,0.327575534695907,66.62540373777298,4,0.08246614687363757,1.786563376027483
INCY,Healthcare,XLV,20127002624,17.405773,4.3230023,0.30389,0.24695,0.2,2.907,0.815,0.23369432642039167,0.30261954400508784,44.89026095907579,2,1.5373112298091547,-2.351568599869878
BIIB,Healthcare,XLV,26597122048,16.526892,1.4607539,0.09307,0.1598,0.028,0.192,0.128,0.251553239595957,0.3251509499084841,71.95782125545949,4,-0.461157441578361,0.2532161239441054
HOLX,Healthcare,XLV,16711205888,30.108435,3.30541,0.11116,0.13796,0.062,0.111,0.704,0.16322738201072728,0.23928164689527207,73.29561956780891,4,-0.3065986588977146,0.4993946057164387
UHS,Healthcare,XLV,14705629184,10.998572,2.0138216,0.20028,0.08093,0.134,0.542,1.274,0.2062897121587619,0.24900666970146315,57.62871356190395,4,0.21734009269928786,0.24727717551228576
DVA,Healthcare,XLV,8393384960,12.127066,-14.569939,0.61618,0.05796,0.048,-0.184,0.994,-0.11849514902957103,0.25429378144456294,38.59649416335252,2,-1.8563599055662066,-0.16631330579012932
JPM,Financial,XLF,866282504192,15.603765,2.5211873,0.16437,0.347,0.088,0.16,1.075,0.03148038052910773,0.1855270278151403,63.324835262416784,4,0.3997240303789825,-1.4128054429291688
BAC,Financial,XLF,399604809728,14.740437,1.42157,0.09871,0.29224002,0.126,0.315,1.304,0.07217011688921615,0.20623380355489085,61.84412405901027,4,0.469193248405098,-0.7766913658457675
WFC,Financial,XLF,287765135360,14.799011,1.7191029,0.115200005,0.26629,0.075,0.169,1.108,0.10854772521810463,0.25660398250079286,68.07866239759184,4,0.30192417732761406,-0.17612688356558115
MS,Financial,XLF,281769213952,18.122177,2.8025022,0.15135,0.23606001,0.191,0.489,1.215,0.13552377763491807,0.23325552102383976,69.71018282969972,4,0.8960712482074676,-0.4123575375656432
GS,Financial,XLF,258693332992,17.362047,2.455498,0.13532,0.29073998,0.207,0.458,1.348,0.10093646087708108,0.24210408457246968,72.1090721095915,4,1.1356744778551509,-0.4619390480613479
C,Financial,XLF,200436957184,15.292134,1.0043447,0.06995,0.19488001,0.116,0.232,1.196,0.10145997220864689,0.23703047292330295,72.53149629489532,4,0.2801883764949247,0.20004618726336099
SPGI,Financial,XLF,152198152192,36.22965,4.5649505,0.119940005,0.28091,0.088,0.241,1.188,-0.08218920939454222,0.23778505312802112,56.18368354342337,2,-0.10918379106849334,-0.6058767373578579
BLK,Financial,XLF,166346604544,27.62587,2.9956973,0.120740004,0.26638,0.252,-0.226,1.484,-0.04097463781052513,0.22893060448469787,55.51551099336348,4,0.47809655171988963,-0.5272685311686669
AXP,Financial,XLF,257719992320,24.872396,7.871581,0.33935001,0.16143999,0.122,0.186,1.147,0.14133725252087492,0.2623859391176647,61.08400321151131,4,0.42788243610567717,-0.051218882783532
SCHW,Financial,XLF,170303881216,21.971897,3.932928,0.17046,0.35930002,0.266,0.775,0.956,0.005841272375600948,0.19275946704950958,47.70716138041093,2,0.4958636787581464,-2.271843090786425
BX,Financial,XLF,186696990720,43.721264,14.190449,0.26457,0.2117,-0.196,-0.214,1.762,-0.1535685415122966,0.28068454374233587,72.41523350625361,1,-0.49818214631547025,1.4836736475586565
CB,Financial,XLF,117613641728,12.332776,1.6188954,0.1364,0.16442,0.091,0.226,0.522,0.060731421157304455,0.17145435863391045,48.67927073633782,2,-1.2463151756136421,-1.125830031182255
MMC,Financial,XLF,89387081728,21.77485,5.879576,0.28734,0.15601,0.115,0.0,0.751,-0.1000019109112048,0.23442729376980934,47.31126648962798,2,-1.1261879938468782,-0.822157552845706
PGR,Financial,XLF,130702696448,12.239979,3.684985,0.34223998,0.12579,0.142,0.121,0.365,-0.10189917093952561,0.22285950307476923,44.444460896855475,2,-1.5671747998079921,-1.3608307907025905
KKR,Financial,XLF,119832821760,54.378147,4.238415,0.07672,0.10564,0.132,0.406,1.997,-0.09571671564970097,0.3455666852395367,66.59811758503608,1,1.08673552785321,1.4342245575282528
ICE,Financial,XLF,90339819520,28.746815,3.1405094,0.114930004,0.32431,0.026,0.246,1.052,-0.09029675211528221,0.20160184252656066,62.64849305063264,2,-0.5394776123121675,-0.7013146469060175
CME,Financial,XLF,97675657216,26.247093,3.4576647,0.13346,0.58946997,-0.03,-0.004,0.293,0.03267254183398194,0.16476650658640218,30.67901794519487,2,-1.1807234084439384,-3.1362415579400835
USB,Financial,XLF,79770271744,11.729977,1.4112269,0.1172,0.27632,0.072,0.185,1.109,0.05454767618517997,0.2134441309714339,75.00003438734362,4,-0.06384172261294283,-0.10828307578155939
PNC,Financial,XLF,77746511872,12.789916,1.4583702,0.11486,0.29937,0.108,0.246,1.013,-0.011407018326584417,0.2109021224079526,73.88907285638446,4,-0.13191535228712215,-0.4850802908899966
AON,Financial,XLF,74434306048,27.616001,9.357296,0.3769,0.15962,0.074,0.344,0.833,-0.07191826622420072,0.18704356627222962,42.86953957845598,2,-1.1367721468907834,-1.148044647099033
TFC,Financial,XLF,61286850560,12.742627,1.0177947,0.07982,0.28605,0.025,0.048,0.882,0.06375138361399757,0.22726954782401187,74.67649132703427,4,-0.3974447471772848,-0.06133938571748622
COF,Financial,XLF,147523846144,78.73037,1.3527952,0.01615,0.04899,0.679,0.095,1.166,0.034846795847016665,0.28879526681082746,74.60664553607278,4,2.435206691107696,0.24190086737795527
AJG,Financial,XLF,61558726656,38.29233,2.6526864,0.090670004,0.13257,0.2,-0.252,0.688,-0.19151440949331322,0.2606542425299765,23.61760803912898,2,-1.423826846574585,-1.2633735581510397
TRV,Financial,XLF,63237849088,11.049961,1.9816712,0.19809,0.121350005,0.048,0.52,0.541,0.007026931574671158,0.18133010085284845,39.03358088371407,2,-1.6415894076371036,-1.283111007525922
AIG,Financial,XLF,42674913280,13.854317,1.0208598,0.07688,0.120170005,-0.041,0.323,0.626,-0.018337249039287573,0.23236825001402445,44.871778151640434,2,-1.748832813774974,-0.4702363824632702
MET,Financial,XLF,52310949888,14.8135605,1.7956445,0.12798001,0.053400002,-0.059,-0.326,0.756,-0.019696448044489112,0.22225730221127818,50.09962278603367,2,-2.042016376713135,0.369390784189889
MCO,Financial,XLF,89051561984,40.008057,22.384022,0.54914004,0.29916,0.107,0.229,1.453,-0.02893658568379509,0.23153712800488493,67.78735227678473,4,0.7199260879709045,-0.43352819864401865
ALL,Financial,XLF,53299224576,6.556564,2.0778887,0.34469002,0.12533,0.038,2.222,0.249,0.014143418872953006,0.2170995185649593,27.262524469846227,2,-1.3112031730244131,-2.6869418392793927
AMP,Financial,XLF,44973195264,13.124072,6.8826914,0.59589,0.19586,0.073,0.866,1.263,-0.036935745473540726,0.2204115427248283,62.795383026846295,4,-0.13356765353029287,-0.6551998569386946
PRU,Financial,XLF,39304986624,15.29863,1.2176454,0.085,0.04538,-0.083,2.234,0.966,0.05852010162808119,0.19920706718827677,70.15204344098314,2,-0.5826537591183378,-0.07901888652241529
BK,Financial,XLF,80411557888,16.453102,2.0365078,0.121520005,0.26568002,0.1,0.253,1.12,0.07609268399811353,0.17259634456391057,62.91967201429201,4,-0.17652924550176655,-0.610268045275677
FIS,Financial,XLF,34821758976,208.31252,2.4963489,0.011829999,0.0146200005,0.057,0.22,0.928,-0.0026928887738315588,0.24296137259894976,63.209611351449496,2,0.7899504223595508,2.0658326167156247
HIG,Financial,XLF,36392042496,10.591652,1.9978387,0.20069,0.12745,0.07,0.473,0.629,-0.01902194371723287,0.1735100529383326,38.505638280838994,2,-1.6186275995701904,-1.319400470325944
ACGL,Financial,XLF,34231764992,8.596064,1.4657142,0.17811,0.20959,0.082,0.391,0.447,-0.005853033850248379,0.2022720899326993,45.21533436579693,2,-1.3680793298095333,-1.476870725621411
MTB,Financial,XLF,30489702400,12.051266,1.1447766,0.09628,0.3054,0.08,0.199,0.604,-0.010760633426787125,0.2129709077523305,67.76110375216263,2,-0.7190726896312399,-0.8824410823427152
FITB,Financial,XLF,30024652800,13.558208,1.5525551,0.115109995,0.29674,0.067,0.167,1.007,0.005788620325604121,0.25200578926916894,71.9568521742606,4,-0.16735094740056158,-0.2009870714751473
GPN,Financial,XLF,19129569280,11.965098,0.8230517,0.07233,0.17365,0.005,1.131,0.824,-0.07615700194735042,0.3256727502639939,67.40088920058773,1,-0.48281306943388186,-0.1060846552644498
RJF,Financial,XLF,32525508608,15.853256,2.60163,0.17666,0.15234,0.07,0.035,1.008,-0.03914999249538709,0.2224330315483058,58.54039226232327,2,-0.9219114601876001,-0.10381524200146115
STT,Financial,XLF,35067580416,13.122081,1.4485264,0.111499995,0.21877001,0.094,0.23,1.453,0.1073600253379412,0.2343397494737552,68.83697707613521,4,0.30903711489776725,0.3121110215623961
BRO,Financial,XLF,26757148672,23.748486,2.1322849,0.10695,0.18691999,0.342,-0.161,0.815,-0.1604228571381866,0.25995834150357744,37.59322438771921,2,-0.5518395292725639,-1.4199378007482868
TROW,Financial,XLF,23417251840,11.622683,2.1551778,0.1867,0.28892002,0.06,0.087,1.538,0.021272529778836757,0.21837714800983374,65.79972121494725,4,0.04331727211093353,-0.023001751165873822
SYF,Financial,XLF,29898543104,8.811403,1.8267373,0.21636999,0.37066,0.207,0.474,1.451,0.07058834889385701,0.2660378857223946,77.14711097537628,4,1.2620640255594517,-0.4615370336346336
HBAN,Financial,XLF,26614173696,11.818182,1.2637403,0.10434,0.29619,0.148,0.242,0.976,-0.0404257296170526,0.26023547580002104,72.94116767082917,4,0.017314669961541823,-0.4363304588153116
CPAY,Financial,XLF,21935652864,21.103262,5.338466,0.29097,0.24365999,0.139,0.003,0.847,0.010671621073651716,0.32569236404280966,78.50822657416042,4,0.2634507036247027,0.21230815744511902
CINF,Financial,XLF,25379893248,12.075893,1.6434445,0.14529,0.17569,0.122,0.367,0.695,0.04047918125635652,0.19018987110583377,45.42335804016701,2,-0.9979917351855458,-1.1720181439561934
CFG,Financial,XLF,23922614272,15.535014,1.0088773,0.067140006,0.22894,0.136,0.364,1.106,0.07992095117089493,0.27787793266991556,69.02119331892911,4,0.32798563936267755,0.013535112174311269
WRB,Financial,XLF,25355014144,14.016807,2.5865479,0.20887,0.13007,0.108,0.407,0.375,-0.09507019444591036,0.25807250784206104,15.687577732755173,2,-1.8941471918017383,-1.992606067923665
NTRS,Financial,XLF,25397899264,15.525642,2.0869825,0.13432,0.21761,0.042,0.032,1.28,0.03550332284314095,0.22791023452001657,67.97801769315753,4,-0.2986907221360772,0.29813052101841464
FDS,Financial,XLF,10987783168,18.690033,5.0041327,0.29132,0.25715,0.062,0.728,0.744,-0.19360210429375435,0.3822768873729266,69.61921036403093,1,-0.24565173743912935,-0.3593523780485939
EG,Financial,XLF,13011938304,23.046097,0.8467483,0.03595,0.031229999,-0.009,-0.484,0.38,-0.1127744066380647,0.31520079941835355,32.11616797660636,2,-2.4200688995084763,-0.01010631398353072
L,Financial,XLF,21327583232,14.901449,1.1632669,0.08182,0.07949,0.046,0.334,0.616,0.05355897631216222,0.14070883254241565,42.698052989011636,2,-1.7500711689267674,-0.8330383137863628
GL,Financial,XLF,10641434624,9.533381,1.8544608,0.22277,0.19363001,0.04,0.375,0.479,-0.07482349896886364,0.17720982398468121,48.22293106678367,2,-1.7567146816427353,-1.3444188234283834
AIZ,Financial,XLF,11245844480,13.589634,1.9427809,0.15413,0.06753,0.089,1.027,0.573,0.0503399939925131,0.19344039243717337,39.11926006095699,2,-1.259844676268966,-1.2349527147406196
CBOE,Financial,XLF,26449946624,27.178493,5.4141583,0.21621001,0.21287,0.081,0.377,0.353,0.07920237078354697,0.18782475365548745,38.00943542585427,2,-1.1767439982869803,-1.6552881100577557
IVZ,Financial,XLF,11702089728,17.85034,1.0622191,0.06904,0.16691,0.082,4.5,1.64,0.18019711419844708,0.2892601092391873,71.51898944288197,4,2.424864107268009,-1.0735440337344688
MKTX,Financial,XLF,6248717312,28.39389,4.5072093,0.15823,0.26157,0.01,-0.032,0.993,-0.0912736663697894,0.2438053569646092,37.830544716566216,2,-1.139935059705725,-0.8643298073021636
JEF,Financial,XLF,12195290112,20.527777,1.168287,0.06689,0.10062,0.216,0.349,1.497,-0.10653776742838905,0.48311709710279016,65.48808793569961,1,0.9490215179313,1.193373407009369
ERIE,Financial,XLF,15501853696,23.927359,6.7140756,0.30444,0.16038,0.067,0.144,0.386,-0.12084879748410593,0.293180361258002,61.80125219805376,2,-1.1934651961428306,-0.42993161120416956
GE,Industrial,XLI,301101154304,38.01071,15.921274,0.42131,0.18344,0.238,0.193,1.405,0.009219176642366156,0.23916462420126872,33.22081749086729,2,0.5358675576770471,-1.262473082937468
CAT,Industrial,XLI,282572423168,30.963552,13.6640005,0.46283,0.14339,0.095,-0.036,1.563,0.4017958602615206,0.34935430977491944,76.47627159332691,4,1.938938201470534,1.4440229061158032
RTX,Industrial,XLI,229406097408,35.061478,3.5559158,0.10702,0.07666,0.119,0.294,0.435,0.10218952488392241,0.2547617802552772,42.04738640063866,2,-0.7588292888052937,-0.6974683135629158
HON,Industrial,XLI,128931487744,20.2038,7.2383003,0.34616002,0.1507,0.07,0.324,0.949,-0.034252340198799636,0.22773531431064128,35.76967054754783,2,-0.9819000206832361,-1.082297417819037
UNP,Industrial,XLI,139576688640,19.958439,8.065743,0.41619,0.2873,0.025,0.095,0.995,0.10132839780975189,0.16425625037030622,78.8889393565802,4,-0.13097773312279448,-0.2870558890670858
ETN,Industrial,XLI,131451035648,33.7998,6.960053,0.20653,0.14741,0.101,0.024,1.168,-0.07717953185417181,0.2967422087894772,40.68310716357997,2,-0.4642182604054211,-0.2915773706348454
ADP,Industrial,XLI,105983565824,25.827246,16.619871,0.70572996,0.19788,0.071,0.064,0.86,-0.10858601402789603,0.19018663674996122,64.38681039818869,2,-0.8060584812760969,-0.7765679148139315
DE,Industrial,XLI,128436199424,25.709415,4.9488564,0.20427999,0.110039994,0.131,-0.137,1.007,0.013303098181041806,0.2216870938293762,49.354675241691275,2,-0.6873106202169519,-0.23105527338208715
LMT,Industrial,XLI,105572900864,25.1922,16.826674,0.62776,0.05726,0.088,0.022,0.241,-0.03326214110623016,0.18560654619953412,42.530487873958236,2,-1.789299776120369,-1.2677858187857423
UPS,Industrial,XLI,80486342656,14.663061,5.0844097,0.33618,0.061490003,-0.037,-0.141,1.094,0.14427047655786152,0.2829011259731111,51.4963257435749,2,-0.8316131254652906,0.7177184393781058
TT,Industrial,XLI,89324339200,30.66692,10.703087,0.3721,0.13926,0.055,0.114,1.194,0.0016468390353621132,0.2332880589924373,36.51024018858778,2,-0.691455032817679,-0.5640771092908087
GD,Industrial,XLI,91114323968,21.874838,3.723397,0.17782,0.081829995,0.106,0.158,0.405,0.03876316501251731,0.16936724483429003,41.3206530367982,2,-1.5874813305741347,-1.0712992803919859
PH,Industrial,XLI,111358779392,31.350197,8.060158,0.27294,0.18178,0.037,0.178,1.246,0.1622643918682638,0.250356146238311,76.38659760297044,4,0.4438368801802758,0.7375909109904508
WM,Industrial,XLI,86044344320,33.6877,9.039275,0.29328,0.10345,0.149,-0.207,0.586,-0.017208358361538667,0.1955959530790711,59.30457544237116,2,-0.9808295853349316,-0.3690726340122334
ITW,Industrial,XLI,72787550208,24.219204,22.580938,0.91683,0.19052,0.023,-0.281,1.151,-0.04599181449484091,0.17774977987859877,60.250463087567084,2,-0.7693952032119559,-0.4768723484106698
MMM,Industrial,XLI,89204817920,26.753992,19.224058,0.72920996,0.137,0.035,-0.375,1.148,0.0654313154988273,0.2530305404670601,49.79217349612759,2,-0.4846625641111579,-0.04938049578325018
CSX,Industrial,XLI,67673251840,23.571428,5.3000436,0.22589001,0.20548001,-0.009,-0.196,1.299,0.12208735153680772,0.2130573999718145,65.34805011345546,4,-0.29898947218418753,0.506297908669074
EMR,Industrial,XLI,77323091968,34.09181,3.8123648,0.09363,0.12728,0.051,-0.353,1.254,0.0213630014399373,0.26695101059648646,70.91682825574888,4,-0.26629549743057246,1.1481106156721617
NOC,Industrial,XLI,78603157504,19.761337,4.9029183,0.26152,0.09819999,0.043,0.096,0.046,-0.0429977923986502,0.1892476084649777,44.57409454228466,2,-2.204193592656656,-1.208623324899009
CTAS,Industrial,XLI,75251007488,41.5,15.823589,0.42187,0.17538,0.087,0.091,0.963,-0.07497014532800839,0.1819265354007567,50.07625498799158,2,-0.7595013807989723,-0.7966929113836818
FDX,Industrial,XLI,64720224256,16.077961,2.3309312,0.15004,0.046529997,0.139,-0.133,1.332,0.19490309256531058,0.24501015160277154,60.34433425489779,4,0.020640108534085162,0.8514283615085952
NSC,Industrial,XLI,66012303360,22.42302,4.359856,0.2048,0.24219,0.017,-0.349,1.318,0.0760215628067813,0.13889435719525087,65.68351239123159,4,-0.5870875418819923,0.10043508593834162
PCAR,Industrial,XLI,57945796608,21.633333,2.9917567,0.14151,0.091120005,-0.19,-0.395,1.017,0.07992095560615686,0.27627340250926585,82.49561343312101,1,-1.1971854911843511,2.0211414218651322
URI,Industrial,XLI,51274162176,20.533625,5.646238,0.28781,0.15826,0.059,0.02,1.678,-0.1486334327463622,0.29156346953780315,38.03659041794184,1,-0.5625625381514425,-0.059932614346279674
JCI,Industrial,XLI,74750451712,43.43346,5.40018,0.11374,0.13947,0.031,1.813,1.417,0.06230823634052429,0.2556015048140583,31.086786753008866,2,0.2792049667023762,-0.9567940965901333
GWW,Industrial,XLI,46662266880,27.32605,13.046862,0.46719003,0.09746,0.061,-0.38,1.116,-0.026100089869409926,0.17829112287217866,70.25204870382397,4,-0.8606032731465875,0.4851080525167648
RSG,Industrial,XLI,67604086784,32.173847,5.654411,0.18249,0.12768,0.033,-0.022,0.55,-0.04968896680995605,0.16746849144493423,63.8420416036114,2,-1.4845662398755852,-0.23705141012108819
CARR,Technology,XLK,46202032128,33.93125,3.1578643,0.0998,0.18052,-0.068,0.005,1.298,-0.11628417306570782,0.2771263251357445,50.807147389962,1,-1.002714029332283,0.4089656822449251
CARR,Technology,XLK,46202032128,33.93125,3.1578643,0.0998,0.18052,-0.068,0.005,1.298,-0.11628417306570782,0.2771263251357445,50.807147389962,1,-1.002714029332283,0.4089656822449251
CARR,Technology,XLK,46202032128,33.93125,3.1578643,0.0998,0.18052,-0.068,0.005,1.298,-0.11628417306570782,0.2771263251357445,50.807147389962,1,-1.002714029332283,0.4089656822449251
CARR,Technology,XLK,46202032128,33.93125,3.1578643,0.0998,0.18052,-0.068,0.005,1.298,-0.11628417306570782,0.2771263251357445,50.807147389962,1,-1.002714029332283,0.4089656822449251
CARR,Industrial,XLI,46202032128,33.93125,3.1578643,0.0998,0.18052,-0.068,0.005,1.298,-0.11628417306570782,0.2771263251357445,50.807147389962,1,-1.002714029332283,0.4089656822449251
CARR,Industrial,XLI,46202032128,33.93125,3.1578643,0.0998,0.18052,-0.068,0.005,1.298,-0.11628417306570782,0.2771263251357445,50.807147389962,1,-1.002714029332283,0.4089656822449251
CARR,Industrial,XLI,46202032128,33.93125,3.1578643,0.0998,0.18052,-0.068,0.005,1.298,-0.11628417306570782,0.2771263251357445,50.807147389962,1,-1.002714029332283,0.4089656822449251
CARR,Industrial,XLI,46202032128,33.93125,3.1578643,0.0998,0.18052,-0.068,0.005,1.298,-0.11628417306570782,0.2771263251357445,50.807147389962,1,-1.002714029332283,0.4089656822449251
PAYX,Industrial,XLI,40329736192,25.125559,10.156802,0.41266,0.27855,0.168,-0.102,0.898,-0.16258535251520956,0.20589167735577635,49.884256550884956,2,-0.7459859309768815,-1.4047993846535107
CMI,Industrial,XLI,70488211456,26.45855,5.8428774,0.22767,0.079450004,-0.016,-0.341,1.104,0.2500425073256034,0.28988224764773973,80.08624974031113,4,0.019565386653423462,1.7940574902498878
CPRT,Industrial,XLI,37481644032,23.754602,3.904013,0.18124,0.34243,0.007,0.108,1.119,-0.19999999999999996,0.2171513083333589,20.9359902133409,2,-1.4412405541442268,-1.9054949880227898
FAST,Industrial,XLI,47643480064,38.785046,12.23467,0.32742,0.15336001,0.117,0.115,0.884,-0.12084855797107008,0.2327960592958407,59.03614774253064,2,-0.6540296550514596,-0.37352128141849616
PWR,Industrial,XLI,68688744448,68.04136,8.181156,0.13369,0.03744,0.175,0.149,1.142,0.20448375837345223,0.3432770786602904,65.47197703226101,4,1.0992915895281097,1.3558132275425947
HWM,Industrial,XLI,76869451776,53.797184,15.127129,0.30064,0.18181999,0.138,0.173,1.322,0.028645356055242877,0.2550238443557333,32.17493901792342,2,0.17213457533323442,-0.713914637785303
AME,Industrial,XLI,46144602112,31.563982,4.369314,0.14632,0.20502001,0.108,0.088,1.047,0.05532842773783808,0.22668956334972828,64.54323631038915,4,-0.09447828032707385,-0.02757876227776208
ODFL,Industrial,XLI,32607586304,31.280241,7.6214566,0.25059,0.18967,-0.043,-0.105,1.274,0.07293602551770051,0.34014796783180035,78.52624512518459,4,0.1842343798920559,1.4313063231987115
IR,Industrial,XLI,31740557312,59.155556,3.117096,0.05382,0.07309,0.051,0.13,1.326,0.01384134154615646,0.25502800266850884,67.71589832892238,4,-0.05373551339395789,1.2757919962740616
DAL,Industrial,XLI,43813797888,9.464033,2.312358,0.28514,0.07357,0.064,0.102,1.376,0.12418701914903685,0.39201839201478217,74.9282856466898,4,0.48102790795399164,1.625619928336712
VRSK,Industrial,XLI,30910541824,34.036922,81.8498,2.68133,0.30418,0.059,0.045,0.814,-0.15476597710348017,0.31577582592722786,59.86842655628597,0,0.534518069756893,-2.318920100085292
LHX,Industrial,XLI,52105900032,29.946236,2.668749,0.091309994,0.08091,0.069,0.171,0.656,0.0016462718402123766,0.24168749920380833,35.3314663682972,2,-1.361809348310561,-0.599914714091975
EFX,Industrial,XLI,26057476096,39.982986,5.2508626,0.13066,0.1108,0.072,0.142,1.586,-0.17265966082882656,0.2741445568019374,58.14703962359433,1,-0.35583109186503253,0.7080330991281616
ROK,Industrial,XLI,45456105472,52.64193,12.436249,0.20282,0.104169995,0.138,-0.412,1.499,0.1763976419433375,0.22867320540073957,71.1784056121929,4,0.6803830788826487,1.301071791721611
UAL,Industrial,XLI,33976299520,10.516032,2.3744879,0.25588,0.05643,0.026,0.0,1.304,-0.015293721662683946,0.4350590284666166,65.03030720580463,1,-0.12428926866322154,1.5514997128836872
XYL,Industrial,XLI,33844631552,35.827316,3.020315,0.08555,0.10659,0.078,0.045,1.174,-0.015166814965614117,0.15144980021228516,38.14861209685068,2,-1.162693376999521,-0.4517979410272364
VLTO,Industrial,XLI,25366056960,27.989042,8.909821,0.37978,0.16746001,0.068,0.08,1.107,-0.062028240759550046,0.19035425814970403,60.30489677053191,2,-0.7485274043060777,-0.24618077784561218
DOV,Industrial,XLI,26208608256,24.88151,3.4202,0.15883,0.28370002,0.048,-0.126,1.309,0.10778808494407133,0.24790038789652608,69.93756586503524,4,0.23603570209508973,0.35301462048513926
BR,Industrial,XLI,27083128832,29.670076,10.275465,0.38215,0.13112001,0.117,1.059,0.994,-0.07939528867100742,0.1585098817658867,67.32560398644807,2,-0.41962596583057854,-0.7300815291889289
HUBB,Industrial,XLI,23411857408,27.550344,6.3596992,0.24991,0.15123,0.041,0.141,1.004,0.010435593728830073,0.275723269962054,56.17075065343513,2,-0.538559931598489,0.1018282303156842
FTV,Industrial,XLI,18185578496,21.161417,2.624768,0.103649996,0.09621,0.023,-0.742,1.043,0.10199988847231545,0.19166697616823436,65.81116819509998,4,-1.1069931652173028,0.970621825876089
LDOS,Industrial,XLI,23968509952,17.459814,4.865738,0.2929,0.08106,0.067,0.052,0.589,0.018314621647169016,0.2277803029968291,42.14847860949167,2,-1.4852981451320604,-0.6122947704480048
SNA,Industrial,XLI,18111643648,18.216684,3.1028874,0.18330999,0.19827999,0.036,0.068,0.776,0.04855292602191352,0.18736436242198284,80.56551084137743,4,-0.7048819894824316,0.19558337481244498
BLDR,Industrial,XLI,12164970496,20.874763,2.8177347,0.13555999,0.03795,-0.069,-0.549,1.565,-0.22924398914555166,0.4260341795384448,58.890387236473735,1,-1.0686249538316108,2.083576397377106
EXPD,Industrial,XLI,20557285376,24.709625,8.901622,0.36505002,0.07571,-0.035,0.006,1.143,0.23284049874290913,0.31623829065403875,80.0157327637798,4,0.16308455512999617,1.7128422233124763
PNR,Industrial,XLI,17089833984,26.526716,4.5102534,0.17966999,0.15844,0.029,0.333,1.208,-0.058260753779774466,0.1815553006995947,49.7304519851854,2,-0.9758417627323905,-0.37738732691896726
MAS,Industrial,XLI,13231781888,16.163683,-168.08511,5.6387095,0.10885999,-0.033,0.169,1.272,-0.13734790013803477,0.2378328925189816,61.33208600100007,0,-2.3744761302141333,-0.542887333099198
IEX,Industrial,XLI,13366504448,28.09177,3.3194351,0.12197,0.13974,0.101,0.083,0.999,0.1105780689279825,0.21062612865011082,78.21008438840833,4,-0.11179169267186123,0.6273510571068768
TXT,Industrial,XLI,14874796032,18.26477,1.9621532,0.11465,0.05809,0.051,0.105,1.013,0.02757599127414445,0.2043476315086579,66.04432701141648,2,-0.9705628919406857,0.5731186915872153
JBHT,Industrial,XLI,18237952000,32.65338,5.0226593,0.15126,0.04753,-0.005,0.181,1.276,0.36954800374318597,0.5333243052095189,84.04255578182207,4,1.6392150694224146,2.9890768388331983
SWK,Industrial,XLI,11224513536,24.989655,1.2500432,0.04918,0.02892,0.001,-0.434,1.196,-0.05477764886837966,0.3584857932734308,73.5860995210496,1,-0.7215473306123968,2.0257143963908075
NDSN,Industrial,XLI,13501682688,30.01633,4.5021667,0.15594,0.16341999,0.121,0.088,1.017,0.07061878673720834,0.17070498944326506,68.30091430244534,4,-0.33142627390264257,0.01440612257143062
AMZN,Consumer Discretionary,XLY,2453725249536,32.465347,6.636308,0.24327,0.11063,0.134,0.364,1.372,0.006048673766077872,0.3386107925942409,43.836591653373844,3,1.9411529145450088,-1.4014555183529367
TSLA,Consumer Discretionary,XLY,1513247735808,311.64383,18.912628,0.06791,0.05314,0.116,-0.371,1.878,0.14916400766384763,0.5028301014684614,77.0421592029263,3,5.49895857832323,3.960955975398084
HD,Consumer Discretionary,XLY,353018314752,24.20546,29.121292,1.62909,0.087740004,0.028,-0.014,1.051,-0.15563762553138427,0.2222806372586856,46.733484650790594,2,-0.9374493414143602,-1.1781210403601239
NKE,Consumer Discretionary,XLY,97354342400,33.774357,7.2230754,0.21122,0.062340003,0.011,-0.3,1.291,-0.09204835690177826,0.3037100562852652,59.99623235187797,1,-0.7483721288122,1.127070384462107
TJX,Consumer Discretionary,XLY,170591256576,33.762115,18.186995,0.58396,0.086789995,0.075,0.123,0.762,0.10211170022401306,0.16030323889056253,67.68172085560136,2,-0.5204655013021983,-0.20294040366947924
CMG,Consumer Discretionary,XLY,45509636096,30.035397,13.967077,0.44958,0.13036,0.075,0.022,0.991,-0.1214082917869066,0.49192618618411194,64.39853623151458,1,0.21900771202642474,0.9084311697665269
GM,Consumer Discretionary,XLY,72405524480,14.51336,1.0690188,0.04442,0.01625,-0.003,-0.496,1.305,0.3025952325896768,0.38623102286731853,71.91754160606672,4,0.24207769580942737,2.4582426774641255
ABNB,Consumer Discretionary,XLY,76113133568,29.6,8.779041,0.30776,0.2203,0.097,0.038,1.118,0.01444305670330226,0.23610332596619382,54.18182373046874,2,-0.2053394141269207,-0.4339710766128804
F,Consumer Discretionary,XLY,51918016512,11.136752,1.0955104,0.10295,0.024820002,0.094,1.727,1.611,0.1284839905032853,0.38036760059221647,46.85039783974072,1,0.8679056032908952,0.35638752478313523
ROST,Consumer Discretionary,XLY,58176032768,27.792187,9.711711,0.37425,0.0947,0.104,0.068,1.038,0.202636933451662,0.24789508915065053,85.8564762514137,4,0.42799734884682256,1.0788720166557193
DHI,Consumer Discretionary,XLY,47288352768,13.721453,1.9309051,0.14321,0.10468,-0.032,-0.222,1.38,-0.10546858966211681,0.3461300876059219,67.95298708840352,1,-0.7363200479896297,1.4200681721983364
LEN,Consumer Discretionary,XLY,30602170368,12.256183,1.4000498,0.10774,0.07721,-0.064,-0.462,1.401,-0.09348235801847715,0.35586549063637507,53.46363318229332,1,-1.1585529138626074,1.3917925846024992
LULU,Consumer Discretionary,XLY,22772793344,12.969966,5.151417,0.42422,0.16377,0.065,-0.016,1.012,0.18852818108585856,0.34994020065986237,74.62423487288538,4,0.38619848237592896,0.8652396150933601
GRMN,Consumer Discretionary,XLY,39189843968,25.134565,4.6198006,0.19655001,0.22625999,0.117,0.005,1.014,-0.14486729346397897,0.3080808112575274,70.02538825292643,1,-0.2548887439658987,0.09018026413126387
EBAY,Consumer Discretionary,XLY,37688791040,18.28603,7.9343853,0.42430001,0.20366,0.095,0.054,1.341,-0.08853578793975936,0.41952752054026626,43.988382580294505,1,0.11642444066103015,-0.022294558727940037
TSCO,Consumer Discretionary,XLY,28576067584,26.125607,11.118422,0.45459,0.07176,0.072,0.088,0.719,-0.10384308776520212,0.21473110085762506,43.42297487066455,2,-1.5377871432767094,-0.6862299987906417
NVR,Consumer Discretionary,XLY,20828499968,16.58361,5.4365964,0.348,0.13545,-0.049,-0.139,1.005,-0.10419001259867955,0.21245161032118753,60.571232886806364,1,-1.5729253072161948,0.20523018399186202
DECK,Consumer Discretionary,XLY,14789832704,14.814264,5.9063983,0.43312,0.19364001,0.091,0.144,1.186,-0.1586498147827663,0.5033770250119979,77.98409816628802,1,0.5336370010468774,1.0942996899717417
PHM,Consumer Discretionary,XLY,25054818304,9.791056,1.9323766,0.21569,0.14926,-0.016,-0.116,1.314,-0.07222808847749795,0.2900716334415145,64.75016214420965,1,-0.8163755946537978,0.7762076869151495
CCL,Consumer Discretionary,XLY,35076669440,13.335052,2.8456717,0.25733998,0.10069,0.033,0.06,2.536,-0.17899077590227552,0.3863800895613243,48.99866740244319,1,0.31995244926723193,1.5354796665175419
DRI,Consumer Discretionary,XLY,20721246208,19.048231,9.294979,0.50411,0.08898,0.104,0.261,0.656,-0.15733272790664676,0.2692795680000018,56.446800838146075,2,-1.2046158692344957,-0.4952424128305002
LVS,Consumer Discretionary,XLY,45477552128,29.842342,28.59301,0.65651,0.12687999,0.242,0.619,0.967,0.243353244455772,0.4320977477482513,53.83938119005228,4,1.7141875500344652,-0.22406657753445502
ULTA,Consumer Discretionary,XLY,27034783744,23.099077,10.166311,0.47967,0.09932,0.129,0.0,0.866,0.16882360908465777,0.3524077994496168,71.45830648630303,4,0.4043738738874975,0.7578367772952586
GPC,Consumer Discretionary,XLY,18117750784,22.416525,3.7850564,0.16994,0.0336,0.049,0.0,0.745,-0.07079910278439916,0.18085931869780228,62.97850922498958,2,-1.6312503803287808,0.2449210389797164
BBY,Consumer Discretionary,XLY,15675583488,24.478548,5.871131,0.22493,0.015420001,0.024,-0.476,1.391,-0.009783289478683233,0.3602949620576129,45.65338504604593,1,-0.7294818313164612,1.3065824408970341
RCL,Consumer Discretionary,XLY,70267224064,17.327505,6.9493217,0.46677,0.23318,0.052,0.363,1.914,-0.2317629991059228,0.37867592643182185,53.90256552552696,1,0.29257785786418106,0.2341504116885276
EXPE,Consumer Discretionary,XLY,32590395392,25.378613,24.241282,0.53886,0.096590005,0.087,0.454,1.442,0.18758617131595368,0.5169228902713723,49.46959708583085,1,1.4784425203375888,0.9257802976511719
TPR,Consumer Discretionary,XLY,24074741760,88.77863,59.886715,0.16053,0.03765,0.131,0.62,1.665,0.0961371843154113,0.39659087847214664,77.04744655889048,4,2.371975257499725,1.7867727354948215
POOL,Consumer Discretionary,XLY,8938408960,21.834093,6.47719,0.29307,0.07784,0.013,0.04,1.229,-0.2616016147954552,0.2482193828798099,47.05138657991309,1,-1.634584505193897,0.04485080051295571
LKQ,Consumer Discretionary,XLY,7577284608,10.907408,1.1516502,0.10882,0.049439996,0.013,-0.038,0.896,-0.07889979931239699,0.2650859442861941,42.747226358676436,2,-1.7357728135774644,0.08397408716670536
BWA,Consumer Discretionary,XLY,9369811968,60.985916,1.5467046,0.0304,0.00945,0.041,-0.301,1.044,-0.0052259916466164125,0.25691571346165665,42.06747690918596,2,-1.0764121882069757,0.8510693683540662
NCLH,Consumer Discretionary,XLY,8613472256,13.611511,3.927756,0.39870998,0.06846,0.047,-0.096,2.117,-0.29005627215324636,0.4225404590715534,57.664218672049934,1,-0.1509157303180504,1.6102181215031746
RL,Consumer Discretionary,XLY,22341230592,27.25,8.660555,0.34005,0.112840004,0.165,0.437,1.535,0.17260225726468992,0.2932203347153988,69.95462587281396,4,1.0914602125367556,0.7864582330354835
MHK,Consumer Discretionary,XLY,6877381632,16.471727,0.82198393,0.051999997,0.03927,0.014,-0.314,1.237,-0.1864618225225383,0.3305965653787082,57.76760313424778,1,-1.3263429119006156,1.1892372474877166
